1887a8ee-d78e-11ec-985d-28cdc4b781c8.jpg,['DDLL'],18:09:43
1b418e08-d78e-11ec-ba8b-28cdc4b781c8.jpg,[],18:09:48
1e00ac9e-d78e-11ec-a67d-28cdc4b781c8.jpg,[],18:09:53
20955d70-d78e-11ec-899c-28cdc4b781c8.jpg,['6u9d'],18:09:57
20cf8adc-d78e-11ec-ab03-28cdc4b781c8.jpg,['6u9d'],18:09:57
238824ca-d78e-11ec-aab0-28cdc4b781c8.jpg,[],18:10:02
23c102be-d78e-11ec-9935-28cdc4b781c8.jpg,[],18:10:02
26334214-d78e-11ec-8e67-28cdc4b781c8.jpg,[],18:10:06
266046a8-d78e-11ec-86c9-28cdc4b781c8.jpg,[],18:10:07
269678be-d78e-11ec-90dc-28cdc4b781c8.jpg,[],18:10:07
26c3b38c-d78e-11ec-bf6a-28cdc4b781c8.jpg,[],18:10:07
26f87424-d78e-11ec-87b5-28cdc4b781c8.jpg,[],18:10:08
27292d6c-d78e-11ec-a3be-28cdc4b781c8.jpg,[],18:10:08
275cc68a-d78e-11ec-9424-28cdc4b781c8.jpg,[],18:10:08
278adb76-d78e-11ec-a49f-28cdc4b781c8.jpg,[],18:10:09
27c23a0a-d78e-11ec-9a5a-28cdc4b781c8.jpg,[],18:10:09
27eff8e2-d78e-11ec-9055-28cdc4b781c8.jpg,[],18:10:09
281cc51e-d78e-11ec-b93f-28cdc4b781c8.jpg,[],18:10:09
2a8d0c14-d78e-11ec-9c7b-28cdc4b781c8.jpg,[],18:10:14
2ac1ef06-d78e-11ec-b7d0-28cdc4b781c8.jpg,[],18:10:14
2af7bcfe-d78e-11ec-84ac-28cdc4b781c8.jpg,[],18:10:14
2b28fdf0-d78e-11ec-a49a-28cdc4b781c8.jpg,[],18:10:15
2b5ff29a-d78e-11ec-b9d7-28cdc4b781c8.jpg,[],18:10:15
2b8f8e06-d78e-11ec-b1c1-28cdc4b781c8.jpg,[],18:10:15
2bc61e8a-d78e-11ec-83bf-28cdc4b781c8.jpg,[],18:10:16
2bf91664-d78e-11ec-8314-28cdc4b781c8.jpg,[],18:10:16
2e67d9cc-d78e-11ec-a7ef-28cdc4b781c8.jpg,[],18:10:20
30f47dba-d78e-11ec-bfee-28cdc4b781c8.jpg,[],18:10:24
337143a2-d78e-11ec-b968-28cdc4b781c8.jpg,[],18:10:29
35ec23c2-d78e-11ec-889f-28cdc4b781c8.jpg,[],18:10:33
38590526-d78e-11ec-8b5a-28cdc4b781c8.jpg,[],18:10:37
3ae9aa02-d78e-11ec-af41-28cdc4b781c8.jpg,[],18:10:41
3d614776-d78e-11ec-8de5-28cdc4b781c8.jpg,[],18:10:45
3fcb490c-d78e-11ec-81d0-28cdc4b781c8.jpg,['5849 GPM'],18:10:49
4255924a-d78e-11ec-961f-28cdc4b781c8.jpg,[],18:10:53
44c5c628-d78e-11ec-873e-28cdc4b781c8.jpg,[],18:10:58
474e1428-d78e-11ec-8444-28cdc4b781c8.jpg,[],18:11:02
49b727f6-d78e-11ec-ada6-28cdc4b781c8.jpg,[],18:11:06
4c2d6214-d78e-11ec-84c9-28cdc4b781c8.jpg,[],18:11:10
4eb82688-d78e-11ec-97de-28cdc4b781c8.jpg,[],18:11:14
513e4ac0-d78e-11ec-a8bc-28cdc4b781c8.jpg,[],18:11:19
53e1b20a-d78e-11ec-95b4-28cdc4b781c8.jpg,[],18:11:23
56639dfa-d78e-11ec-8baf-28cdc4b781c8.jpg,[],18:11:27
568e28de-d78e-11ec-857f-28cdc4b781c8.jpg,[],18:11:27
56c4f24a-d78e-11ec-bbd1-28cdc4b781c8.jpg,[],18:11:28
56fb9464-d78e-11ec-9bdb-28cdc4b781c8.jpg,[],18:11:28
572d2f22-d78e-11ec-8288-28cdc4b781c8.jpg,[],18:11:28
575f145e-d78e-11ec-b67b-28cdc4b781c8.jpg,[],18:11:29
579889f4-d78e-11ec-809e-28cdc4b781c8.jpg,[],18:11:29
57cbf6a4-d78e-11ec-b6a1-28cdc4b781c8.jpg,[],18:11:29
5807baac-d78e-11ec-866c-28cdc4b781c8.jpg,[],18:11:30
58329aca-d78e-11ec-b670-28cdc4b781c8.jpg,[],18:11:30
58644892-d78e-11ec-a40c-28cdc4b781c8.jpg,[],18:11:30
58916a58-d78e-11ec-b655-28cdc4b781c8.jpg,[],18:11:31
58c85c6c-d78e-11ec-9699-28cdc4b781c8.jpg,[],18:11:31
58fdc6f4-d78e-11ec-be07-28cdc4b781c8.jpg,[],18:11:31
59355600-d78e-11ec-8a16-28cdc4b781c8.jpg,[],18:11:32
596d00d0-d78e-11ec-8daf-28cdc4b781c8.jpg,[],18:11:32
59a157e2-d78e-11ec-88d6-28cdc4b781c8.jpg,[],18:11:33
59d168a6-d78e-11ec-8c51-28cdc4b781c8.jpg,[],18:11:33
5a030126-d78e-11ec-99b0-28cdc4b781c8.jpg,[],18:11:33
5a37f758-d78e-11ec-aaa6-28cdc4b781c8.jpg,[],18:11:34
5a6af5ba-d78e-11ec-a72b-28cdc4b781c8.jpg,[],18:11:34
5a9f48ec-d78e-11ec-bbc5-28cdc4b781c8.jpg,[],18:11:34
5ad34f38-d78e-11ec-961d-28cdc4b781c8.jpg,[],18:11:35
5b0cfc12-d78e-11ec-a6c2-28cdc4b781c8.jpg,[],18:11:35
5b4627d8-d78e-11ec-bb57-28cdc4b781c8.jpg,[],18:11:35
5b732648-d78e-11ec-b506-28cdc4b781c8.jpg,[],18:11:36
5b9fd1e8-d78e-11ec-bcb4-28cdc4b781c8.jpg,[],18:11:36
5bd11c58-d78e-11ec-b39a-28cdc4b781c8.jpg,[],18:11:36
5c030b62-d78e-11ec-9122-28cdc4b781c8.jpg,[],18:11:37
5c334528-d78e-11ec-9449-28cdc4b781c8.jpg,[],18:11:37
5c633ca6-d78e-11ec-9d3c-28cdc4b781c8.jpg,[],18:11:37
5c98b20a-d78e-11ec-867c-28cdc4b781c8.jpg,[],18:11:38
5cc7a6b8-d78e-11ec-849d-28cdc4b781c8.jpg,[],18:11:38
5cfce82e-d78e-11ec-a8d7-28cdc4b781c8.jpg,[],18:11:38
5d31e16c-d78e-11ec-a41d-28cdc4b781c8.jpg,[],18:11:39
5d6a6dfe-d78e-11ec-806b-28cdc4b781c8.jpg,[],18:11:39
5d987bdc-d78e-11ec-98de-28cdc4b781c8.jpg,[],18:11:39
5dccf6fe-d78e-11ec-b79f-28cdc4b781c8.jpg,[],18:11:40
5e019e12-d78e-11ec-9dcc-28cdc4b781c8.jpg,[],18:11:40
5e35670a-d78e-11ec-aefc-28cdc4b781c8.jpg,[],18:11:40
5e61f054-d78e-11ec-82b8-28cdc4b781c8.jpg,[],18:11:41
5e8ed480-d78e-11ec-87f2-28cdc4b781c8.jpg,[],18:11:41
5ec5ca18-d78e-11ec-95ed-28cdc4b781c8.jpg,[],18:11:41
5ef3574c-d78e-11ec-a2a5-28cdc4b781c8.jpg,[],18:11:41
5f291726-d78e-11ec-b779-28cdc4b781c8.jpg,[],18:11:42
5f5ea7d0-d78e-11ec-b3d4-28cdc4b781c8.jpg,[],18:11:42
5f946146-d78e-11ec-8fee-28cdc4b781c8.jpg,[],18:11:43
5fc4dac2-d78e-11ec-806a-28cdc4b781c8.jpg,[],18:11:43
60063ed4-d78e-11ec-ad72-28cdc4b781c8.jpg,[],18:11:43
6039e390-d78e-11ec-ac4b-28cdc4b781c8.jpg,[],18:11:44
606cca68-d78e-11ec-abca-28cdc4b781c8.jpg,[],18:11:44
609feddc-d78e-11ec-8a5c-28cdc4b781c8.jpg,[],18:11:44
60cee25e-d78e-11ec-a606-28cdc4b781c8.jpg,[],18:11:45
61073dfe-d78e-11ec-a427-28cdc4b781c8.jpg,[],18:11:45
61354ca8-d78e-11ec-bb83-28cdc4b781c8.jpg,[],18:11:45
6169999e-d78e-11ec-9f27-28cdc4b781c8.jpg,[],18:11:46
6197e030-d78e-11ec-a4b3-28cdc4b781c8.jpg,[],18:11:46
61c4bff0-d78e-11ec-a344-28cdc4b781c8.jpg,[],18:11:46
61f1e074-d78e-11ec-8ee1-28cdc4b781c8.jpg,[],18:11:47
6229d070-d78e-11ec-97d2-28cdc4b781c8.jpg,[],18:11:47
626044e4-d78e-11ec-966d-28cdc4b781c8.jpg,[],18:11:47
62940282-d78e-11ec-9c7c-28cdc4b781c8.jpg,[],18:11:48
62c2b9cc-d78e-11ec-8f2a-28cdc4b781c8.jpg,[],18:11:48
62fa45b8-d78e-11ec-aaef-28cdc4b781c8.jpg,[],18:11:48
632f3646-d78e-11ec-90ee-28cdc4b781c8.jpg,[],18:11:49
635e35e4-d78e-11ec-98a7-28cdc4b781c8.jpg,[],18:11:49
6394af5e-d78e-11ec-8adc-28cdc4b781c8.jpg,[],18:11:49
63cd88b6-d78e-11ec-b63e-28cdc4b781c8.jpg,[],18:11:50
63fcb11a-d78e-11ec-9496-28cdc4b781c8.jpg,[],18:11:50
642ebc92-d78e-11ec-81dc-28cdc4b781c8.jpg,[],18:11:50
64698718-d78e-11ec-a5e2-28cdc4b781c8.jpg,[],18:11:51
64952af4-d78e-11ec-8c15-28cdc4b781c8.jpg,[],18:11:51
64c6a5ec-d78e-11ec-984c-28cdc4b781c8.jpg,[],18:11:51
64f24074-d78e-11ec-b4d5-28cdc4b781c8.jpg,[],18:11:52
65281088-d78e-11ec-b0e0-28cdc4b781c8.jpg,[],18:11:52
6563e4e6-d78e-11ec-b73a-28cdc4b781c8.jpg,[],18:11:52
65a645de-d78e-11ec-aa35-28cdc4b781c8.jpg,[],18:11:53
65e19454-d78e-11ec-825b-28cdc4b781c8.jpg,[],18:11:53
6618c402-d78e-11ec-aee0-28cdc4b781c8.jpg,[],18:11:53
665122ca-d78e-11ec-81ca-28cdc4b781c8.jpg,[],18:11:54
6680dad2-d78e-11ec-99cc-28cdc4b781c8.jpg,[],18:11:54
66b31292-d78e-11ec-bdf6-28cdc4b781c8.jpg,[],18:11:54
66e955fa-d78e-11ec-bb87-28cdc4b781c8.jpg,[],18:11:55
67206bb6-d78e-11ec-b49e-28cdc4b781c8.jpg,[],18:11:55
67494746-d78e-11ec-b75c-28cdc4b781c8.jpg,[],18:11:55
677d0fca-d78e-11ec-9a0a-28cdc4b781c8.jpg,[],18:11:56
67b03efa-d78e-11ec-8918-28cdc4b781c8.jpg,[],18:11:56
67e0eb4c-d78e-11ec-b0f6-28cdc4b781c8.jpg,[],18:11:56
6814ba3a-d78e-11ec-a933-28cdc4b781c8.jpg,[],18:11:57
684c22da-d78e-11ec-9f42-28cdc4b781c8.jpg,[],18:11:57
687bf1b4-d78e-11ec-b48a-28cdc4b781c8.jpg,[],18:11:57
68af5a14-d78e-11ec-98fe-28cdc4b781c8.jpg,[],18:11:58
68e6dc58-d78e-11ec-b699-28cdc4b781c8.jpg,[],18:11:58
69116576-d78e-11ec-bd34-28cdc4b781c8.jpg,[],18:11:58
6943c052-d78e-11ec-85eb-28cdc4b781c8.jpg,[],18:11:59
6972b5f8-d78e-11ec-bdd9-28cdc4b781c8.jpg,[],18:11:59
699f88ca-d78e-11ec-bb81-28cdc4b781c8.jpg,[],18:11:59
69d4370c-d78e-11ec-a3f2-28cdc4b781c8.jpg,[],18:12:00
6a08525a-d78e-11ec-ac7e-28cdc4b781c8.jpg,[],18:12:00
6a3f4b1e-d78e-11ec-a230-28cdc4b781c8.jpg,[],18:12:00
6a727a86-d78e-11ec-aede-28cdc4b781c8.jpg,[],18:12:01
6aa8e652-d78e-11ec-9737-28cdc4b781c8.jpg,[],18:12:01
6ae35a40-d78e-11ec-9ca6-28cdc4b781c8.jpg,[],18:12:02
6b192ccc-d78e-11ec-a938-28cdc4b781c8.jpg,[],18:12:02
6b476398-d78e-11ec-844d-28cdc4b781c8.jpg,[],18:12:02
6b7d4742-d78e-11ec-abdf-28cdc4b781c8.jpg,[],18:12:03
6bb43af6-d78e-11ec-9275-28cdc4b781c8.jpg,[],18:12:03
6bea2cb4-d78e-11ec-847d-28cdc4b781c8.jpg,[],18:12:03
6c163db4-d78e-11ec-9b77-28cdc4b781c8.jpg,[],18:12:04
6c4c986e-d78e-11ec-8c01-28cdc4b781c8.jpg,[],18:12:04
6c807eec-d78e-11ec-9521-28cdc4b781c8.jpg,[],18:12:04
6cb528ac-d78e-11ec-939b-28cdc4b781c8.jpg,[],18:12:05
6cebbcd2-d78e-11ec-9fbd-28cdc4b781c8.jpg,[],18:12:05
6d208a78-d78e-11ec-a379-28cdc4b781c8.jpg,[],18:12:05
6d56c774-d78e-11ec-a321-28cdc4b781c8.jpg,[],18:12:06
6d8a4e78-d78e-11ec-a417-28cdc4b781c8.jpg,[],18:12:06
6dbff41e-d78e-11ec-90fb-28cdc4b781c8.jpg,[],18:12:06
6df7ba68-d78e-11ec-a510-28cdc4b781c8.jpg,[],18:12:07
6e2e829e-d78e-11ec-9b1e-28cdc4b781c8.jpg,[],18:12:07
6e7c6238-d78e-11ec-a6a9-28cdc4b781c8.jpg,[],18:12:08
6eb19dee-d78e-11ec-ae53-28cdc4b781c8.jpg,[],18:12:08
6ee87a62-d78e-11ec-be7f-28cdc4b781c8.jpg,[],18:12:08
6f1e6f2c-d78e-11ec-a59b-28cdc4b781c8.jpg,[],18:12:09
6f57c798-d78e-11ec-ac97-28cdc4b781c8.jpg,[],18:12:09
6f8cfdcc-d78e-11ec-96da-28cdc4b781c8.jpg,[],18:12:09
6fc480ae-d78e-11ec-bb8c-28cdc4b781c8.jpg,[],18:12:10
6ffda3d2-d78e-11ec-bdb2-28cdc4b781c8.jpg,[],18:12:10
70331e1c-d78e-11ec-a8ae-28cdc4b781c8.jpg,[],18:12:10
70691334-d78e-11ec-b60f-28cdc4b781c8.jpg,[],18:12:11
70979d2c-d78e-11ec-835a-28cdc4b781c8.jpg,[],18:12:11
70ca4912-d78e-11ec-8c53-28cdc4b781c8.jpg,[],18:12:11
70fcac08-d78e-11ec-929f-28cdc4b781c8.jpg,[],18:12:12
712fa4da-d78e-11ec-a71b-28cdc4b781c8.jpg,[],18:12:12
7174c764-d78e-11ec-9cd7-28cdc4b781c8.jpg,[],18:12:13
71abc99e-d78e-11ec-b925-28cdc4b781c8.jpg,[],18:12:13
71dd3128-d78e-11ec-9930-28cdc4b781c8.jpg,[],18:12:13
7210d5a4-d78e-11ec-8254-28cdc4b781c8.jpg,[],18:12:14
724a4b8c-d78e-11ec-a692-28cdc4b781c8.jpg,[],18:12:14
7279ed1a-d78e-11ec-b0a7-28cdc4b781c8.jpg,[],18:12:14
72aa69b8-d78e-11ec-b2c0-28cdc4b781c8.jpg,[],18:12:15
72dfab76-d78e-11ec-9d9e-28cdc4b781c8.jpg,[],18:12:15
7318c880-d78e-11ec-853a-28cdc4b781c8.jpg,[],18:12:15
734605c8-d78e-11ec-bf9d-28cdc4b781c8.jpg,[],18:12:16
737b3ab8-d78e-11ec-860b-28cdc4b781c8.jpg,[],18:12:16
73ab5ade-d78e-11ec-bd28-28cdc4b781c8.jpg,[],18:12:16
73e7e600-d78e-11ec-b10f-28cdc4b781c8.jpg,[],18:12:17
741f0b4c-d78e-11ec-ab65-28cdc4b781c8.jpg,[],18:12:17
744d65f6-d78e-11ec-b5b3-28cdc4b781c8.jpg,[],18:12:17
7482ab80-d78e-11ec-a200-28cdc4b781c8.jpg,[],18:12:18
74bbcf06-d78e-11ec-b265-28cdc4b781c8.jpg,[],18:12:18
74eb2710-d78e-11ec-9857-28cdc4b781c8.jpg,[],18:12:18
751bf236-d78e-11ec-a327-28cdc4b781c8.jpg,[],18:12:19
754cb6ac-d78e-11ec-a570-28cdc4b781c8.jpg,[],18:12:19
758b83f6-d78e-11ec-9fa9-28cdc4b781c8.jpg,[],18:12:19
75b98f14-d78e-11ec-bd18-28cdc4b781c8.jpg,[],18:12:20
75e97d00-d78e-11ec-a81f-28cdc4b781c8.jpg,[],18:12:20
76171c78-d78e-11ec-87f4-28cdc4b781c8.jpg,[],18:12:20
7652dfe8-d78e-11ec-ad62-28cdc4b781c8.jpg,[],18:12:21
7685abbe-d78e-11ec-8253-28cdc4b781c8.jpg,[],18:12:21
76bae99c-d78e-11ec-8f76-28cdc4b781c8.jpg,[],18:12:21
76efdf00-d78e-11ec-a788-28cdc4b781c8.jpg,[],18:12:22
7725202c-d78e-11ec-a7b9-28cdc4b781c8.jpg,[],18:12:22
77539462-d78e-11ec-8170-28cdc4b781c8.jpg,[],18:12:22
7783529a-d78e-11ec-bc30-28cdc4b781c8.jpg,[],18:12:23
77b9ad24-d78e-11ec-949d-28cdc4b781c8.jpg,[],18:12:23
77f2279e-d78e-11ec-ab3b-28cdc4b781c8.jpg,[],18:12:23
782338ae-d78e-11ec-bda7-28cdc4b781c8.jpg,[],18:12:24
785a3178-d78e-11ec-85ec-28cdc4b781c8.jpg,[],18:12:24
7891da18-d78e-11ec-94d1-28cdc4b781c8.jpg,[],18:12:24
78c17574-d78e-11ec-8850-28cdc4b781c8.jpg,[],18:12:25
78fa1de4-d78e-11ec-8fe7-28cdc4b781c8.jpg,[],18:12:25
